Date,Open,High,Low,Close,Volume
2020-06-24,94,94.4,92.03,92.95,31091258
2020-06-29,92.4,93.44,91.4,92.23,27130570
2020-06-30,92.88,93.6,91.75,92.3,25766883
2020-07-01,92.4,92.56,89.31,91.05,42068046
2020-07-02,90.98,91.75,90,91.2,34527121
2020-07-03,91.32,92,90.5,91.88,29910749
2020-07-06,92,93.4,91.15,93.13,49652811
2020-07-07,93.47,98.22,92.95,97.29,47494422
2020-07-08,97.97,99.76,96.06,97.06,35871041
2020-07-09,97.1,99.22,96.61,98.51,28267464
2020-07-10,98.6,100.41,98.05,99.35,29397609
2020-07-13,99.58,100.88,99.05,99.82,32371508
2020-07-14,99.8,99.8,97,98.43,33226294
2020-07-15,99.9,105,99.06,102.99,47889951
2020-07-16,103.3,104.16,96.26,96.35,47557446
2020-07-17,95.91,97.88,95,96.33,36663152
2020-07-20,96.46,97.58,94.22,96.49,25636138
2020-07-21,97.4,99.98,96.48,99.3,32418857
2020-07-22,98.99,101.06,97.47,99.37,30127609
2020-07-23,98.81,100.88,98,99.37,34555635
2020-07-24,98.11,98.79,94,94.79,44416020
2020-07-27,94.78,96.96,94.49,95.39,24982911
2020-07-28,95.4,96.21,94.2,94.6,28520240
2020-07-29,94.24,96.38,94,95.85,26603673
2020-07-30,95.86,96.29,94.61,94.97,27299645
2020-07-31,94.87,95.48,91.84,94.38,56003417
2020-08-03,92.7,93.74,91.5,93.2,63997843
2020-08-04,93.5,95.82,93.45,93.98,40738507
2020-08-05,93.89,94.11,92.39,92.79,38311496
2020-08-06,93.01,93.29,90.51,91,47749704
2020-08-07,91.3,91.97,89.52,91.2,32988293
2020-08-10,91.32,91.59,89.73,90.79,28793948
2020-08-11,91.47,93.12,91.2,91.78,35084274
2020-08-12,91.78,92.17,89,90.01,35333873
2020-08-13,90.93,90.93,88.8,88.88,26385812
2020-08-14,88.98,89.8,87.97,89.5,24237505
2020-08-17,89.98,91.49,89.18,90.9,34367679
2020-08-18,91.2,94.66,91.2,93.4,44929068
2020-08-19,93.8,94.86,92.52,92.73,32770393
2020-08-20,92.73,93.34,91.2,91.7,20311418
2020-08-21,93.09,93.65,90.8,91.8,20566890
2020-08-24,92.98,93,91.65,92.42,17743332
2020-08-25,92.99,94.65,92.8,93.99,24979223
2020-08-26,94.03,95.94,93.7,94.58,26872296
2020-08-27,94.58,94.88,92.59,94.11,21309961
2020-08-28,93.3,95.5,92.91,95.39,28154810
2020-08-31,95.8,96.55,94.71,94.87,27298621
2020-09-01,94.49,95.55,93.34,93.99,20966934
2020-09-02,95,95,92.61,94.7,27340726
2020-09-03,94.7,95.88,93.88,95,19690813
2020-09-04,93.88,94.3,92.37,93.51,25446452
2020-09-07,93,93.79,91.5,91.6,23396558
2020-09-08,91.62,92.89,91.2,92.33,20517584
2020-09-09,91.54,92.07,89.5,90.3,21080286
2020-09-10,91.5,91.96,90.31,90.74,16264843
2020-09-11,89.6,92.26,89.6,91.81,18338984
2020-09-14,92.1,92.38,91.32,91.36,15482417
2020-09-15,91.3,91.33,90.02,91.1,14888131
2020-09-16,91.4,91.9,89.6,89.74,19517128
2020-09-17,89.08,89.64,86,86.29,42304512
2020-09-18,86.4,88.98,86.22,88.98,29771727
2020-09-21,88.8,89.46,87.75,88.5,16829813
2020-09-22,88,90.1,87.99,89.3,20494047
2020-09-23,89.45,90.5,88.85,89.84,15519478
2020-09-24,89.55,89.55,87.3,87.86,17302734
2020-09-25,88.3,88.62,87.35,88.45,14111275
2020-09-28,88.49,89.57,88.11,88.58,14568491
2020-09-29,89.28,90.4,88.9,89.89,17781446
2020-09-30,90.39,91.98,89.5,89.82,23431595
2020-10-09,92,92.44,90.85,91.95,19576069
2020-10-12,92.39,94.3,92.38,94.2,24602019
2020-10-13,94.2,94.69,93.11,93.7,18696358
2020-10-14,93.49,94.07,92.76,93,21090034
2020-10-15,93,93.65,92.56,93.16,17803479
2020-10-16,93.96,94.2,92.12,93.1,17650217
2020-10-19,93.68,94,91.11,91.52,20715934
2020-10-20,91.39,91.52,89.66,91.01,22296671
2020-10-21,91.02,91.2,89.01,89.58,28833596
2020-10-22,89.54,89.56,88.5,89.56,16152915
2020-10-23,89.56,89.86,88.08,88.15,14591235
2020-10-26,88.1,89.54,87.6,89.18,12543186
2020-10-27,89.16,89.75,88.31,89.23,15240954
2020-10-28,89.23,92,88.51,91.36,26026402
2020-10-29,90.69,92,89.8,91.04,23852181
2020-10-30,91.16,91.39,88.33,88.84,30349103
2020-11-02,88.58,89.5,87.8,89.23,21413650
2020-11-03,89.43,90.43,89.01,90.15,19629973
2020-11-04,90.19,90.5,89.58,90.17,13972554
2020-11-05,91.38,92.2,90.66,91.2,18090590
2020-11-06,91.7,91.79,88,88.89,31976190
2020-11-09,89.08,89.94,88.61,89.37,31485323
2020-11-10,89.6,89.84,87.67,87.95,30041295
2020-11-11,87.95,87.95,85.9,86.17,35104352
2020-11-12,86.5,87.17,86.2,86.55,19516210
2020-11-13,86.6,86.74,85.18,85.5,29442048
2020-11-16,86.1,86.35,84.94,85.63,20385759
2020-11-17,85.64,85.83,84.9,85.53,21569611
2020-11-18,85.55,87.28,85.55,86.61,24068842
2020-11-19,87,87.6,86.5,87.3,18016863
2020-11-20,87.3,87.68,86.67,86.91,17163436
2020-11-23,86.91,87,85,86.12,32883846
2020-11-24,86.11,87.21,85.53,87.17,23837757
2020-11-25,87.17,87.33,85.9,86.13,20023759
2020-11-26,86.79,86.96,85.09,86,15607166
2020-11-27,85.88,86.99,85.03,86.95,16213830
2020-11-30,86.7,87.5,85.99,85.99,24193447
2020-12-01,86.29,87.88,86.15,87.61,24535327
2020-12-02,87.81,87.88,86.97,87.53,15966299
2020-12-03,87.8,90.1,87.62,89.99,32178913
2020-12-04,89.89,91.5,89.5,91.32,30179714
2020-12-07,91.78,91.78,89.31,89.88,23991175
2020-12-08,90.76,90.79,89.7,90.07,14561320
2020-12-09,90.66,90.66,88.13,88.24,22385526
2020-12-10,88,89.7,87.58,89,17235143
2020-12-11,89.6,90.83,88.6,89.5,25901207
2020-12-14,89.02,90.39,88.03,90.11,17885762
2020-12-15,90.12,97.29,90.12,97.02,77154520
2020-12-16,97.08,97.88,95.58,97.01,41062517
2020-12-17,102,106.71,101.01,105.18,90387543
2020-12-18,105.81,107.45,104.42,105.66,46382065
2020-12-21,105.75,108.58,104.88,107.86,36973577
2020-12-22,107.8,108.98,106,106.2,28483648
2020-12-23,107.39,108.15,105.35,106,29896625
2020-12-24,106.5,111.11,106.11,108.8,28333437
2020-12-25,108.82,116.5,108.5,115.01,32433038
2020-12-28,116,116.45,110,111,39434048
2020-12-29,111.82,112.63,106.05,108.28,37797534
2020-12-30,108.98,113.39,108.8,112.7,36217122
2020-12-31,112.55,112.66,110.01,111.46,28156885
2021-01-04,111.99,113.69,111,111.2,36342265
2021-01-05,111.2,116.66,111.19,113.23,41762795
2021-01-06,113.25,115.87,112,113.72,28370017
2021-01-07,114.86,115,111.8,115,32927605
2021-01-08,115.12,116.87,112.15,113.22,30767605
2021-01-11,112.32,114.15,110,111.3,27201138
2021-01-12,111.29,114.52,110,114.1,28638791
2021-01-13,114.01,114.49,111.62,112.57,23771906
2021-01-14,112.57,112.93,108.6,110.18,30041617
2021-01-15,111.5,111.5,108.01,109.83,24707098
2021-01-18,109.03,110.34,107.39,107.83,23513196
2021-01-19,108.5,108.5,104.28,104.95,34814227
2021-01-20,105.9,107.53,105,105.97,30502727
2021-01-21,106,108.8,105.38,108.15,38293455
2021-01-22,107.96,113,107.11,112.6,41130799
2021-01-25,112.78,113.63,109.5,111.45,38794449
2021-01-26,110.55,111.28,106.75,107,33976100
2021-01-27,107.7,108.18,105.5,106.62,23027045
2021-01-28,106.55,107.99,103.38,104.66,28273748
2021-01-29,104.25,105.12,101.01,103.76,32727553
2021-02-01,102.46,104.09,101,102.55,25076609
2021-02-02,103.71,107,102.05,106,31194628
2021-02-03,105.94,106.95,104.52,105,21573569
2021-02-04,104,104.4,101.51,102.8,28548211
2021-02-05,103.95,108.29,102.5,107.3,38071174
2021-02-08,107.31,109.35,105.85,106.28,37346791
2021-02-09,107.75,110.82,105.8,109.74,34134561
2021-02-10,109.2,110.75,107.12,109.2,34364524
2021-02-18,111.4,111.4,104.5,104.9,45041564
2021-02-19,104.57,105.78,102.81,105.16,28656349
2021-02-22,106.4,106.4,100,100.01,45626045
2021-02-23,99.34,101.96,99,100.7,25488864
2021-02-24,100.99,101,98.6,99.7,31780663
2021-02-25,100,102.24,99.15,101.05,31609719
2021-02-26,99.01,103.66,99.01,101.8,34996366
2021-03-01,102.8,102.8,99.31,100.31,30533938
2021-03-02,100.31,100.81,97.5,98.35,30420574
2021-03-03,98.5,101.48,97.54,101.35,26463184
2021-03-04,100.18,101.35,98.59,100.5,25083124
2021-03-05,98.52,101.13,98.49,100.3,22836325
2021-03-08,100.71,101.55,91.7,92.12,46204335
2021-03-09,92.88,94.69,89.39,91.78,42965618
2021-03-10,93.99,94.53,92.54,93.4,24213415
2021-03-11,93.99,94.88,92.5,93.48,27251641
2021-03-12,94.5,95.3,91.58,92.19,22917855
2021-03-15,91.13,92.05,88.57,89.59,30124408
2021-03-16,90.5,90.78,88.1,89.19,24041967
2021-03-17,89.2,89.76,87.58,88.62,25086337
2021-03-18,89.01,90.49,88.3,89.21,31112751
2021-03-19,88,88.94,87.2,88.05,22450145
2021-03-22,88.05,90.29,87.6,88.11,25482696
2021-03-23,87.06,88.45,87.01,87.65,24346543
2021-03-24,87.65,88.2,85.75,86.52,20113520
2021-03-25,85.7,87.87,85.09,87.23,21735235
2021-03-26,87.59,92.1,87.39,91.22,37823439
2021-03-29,91.3,91.9,90.13,90.53,24964210
2021-03-30,90.36,93.68,90,93.6,29635571
2021-03-31,93.21,93.21,91.01,92.09,18805139
2021-04-01,91.6,94.5,91.6,93.85,19276029
2021-04-02,94,94.84,91.88,92.68,19798510
2021-04-06,92.4,92.43,90.66,90.9,16978496
2021-04-07,91.2,91.3,89.74,90.68,16907148
2021-04-08,90.3,92.85,89.7,92.44,18476140
2021-04-09,93,93.2,90.5,91.2,17988909
2021-04-12,90.85,91.98,88.88,89.53,21344389
2021-04-13,89.39,90.3,87.66,88.98,22380889
2021-04-14,89.45,89.45,82.22,85.52,92249094
2021-04-15,84.52,84.58,82.06,82.18,59868383
2021-04-16,82.35,82.35,79.31,80.62,52880632
2021-04-19,80.7,82.21,79.5,82.09,52961773
2021-04-20,81.89,81.89,79.4,80.31,74240523
2021-04-21,80.19,83.36,79.61,83.18,68809652
2021-04-22,82.68,82.9,81.8,82.2,36850361
2021-04-23,82.9,83.98,82,83,46863794
2021-04-26,83.18,84.57,81.38,81.52,54247271
2021-04-27,81.54,83.18,80.85,83.05,33601174
2021-04-28,83.1,83.38,81.9,82.86,27164736
2021-04-29,82.99,83.1,81.8,82.35,31753562
2021-04-30,83,85.3,82.41,84.1,51336941
2021-05-06,84.1,85.3,82.01,82.12,42144800
2021-05-07,82.12,82.35,79.99,79.99,37105386
2021-05-10,79.9,80.88,78.01,80.33,25316123
2021-05-11,79.5,83.8,79.35,83.71,38798673
2021-05-12,83.63,83.94,82.5,83.18,24346250
2021-05-13,82.62,82.91,81.13,81.73,24759101
2021-05-14,82.31,84.2,81.41,83.83,34737829
2021-05-17,84.4,86.65,84.36,85.38,35822871
2021-05-18,85.4,86.34,84.54,85.73,19155165
2021-05-19,85.7,85.7,84.5,85.05,16714716
2021-05-20,85.17,85.34,83.3,83.71,34717475
2021-05-21,84.05,85.25,82,82.17,36626620
2021-05-24,81.91,83.36,80.9,83.36,27943478
2021-05-25,83.35,86.66,83.25,86.25,46445680
2021-05-26,87.08,87.47,85.63,86.29,41748843
2021-05-27,85.96,86.9,85.14,86.31,32636750
2021-05-28,86.89,87.32,85.26,85.85,32128405
2021-05-31,85.7,86.38,85.01,86.3,25953725
2021-06-01,86.39,87.5,85.6,87.47,39253826
2021-06-02,87.51,87.75,83.6,84.36,52429871
2021-06-03,83.53,83.9,82.56,82.58,41410338
2021-06-04,82.07,83.49,81.69,82.65,33478119
2021-06-07,82.5,82.53,81.25,82.44,25301113
2021-06-08,82.85,84.33,82.61,82.98,29782918
2021-06-09,83.09,84.5,83.09,84.15,25659093
2021-06-10,71.01,75.46,70.12,73,61779045
2021-06-11,73.1,73.45,71.1,72.96,44820874
2021-06-15,72.96,74.15,71.55,71.88,43843803
2021-06-16,71.88,72.4,70.5,70.81,28037761
2021-06-17,70.84,71.29,70.16,71.15,23354801
2021-06-18,71.5,72.45,70.83,71.44,31060655
2021-06-21,71.2,71.2,69.11,69.51,45286231
2021-06-22,69.51,70.49,69,70.48,43612983
2021-06-23,70.57,72.46,70.55,71.15,57215569
2021-06-24,69.99,69.99,67.87,68,77212794
2021-06-25,67.67,68.44,66.98,68.06,53724003
2021-06-28,68.06,68.6,67.5,68.6,41106770
2021-06-29,68.61,68.82,67.81,68.2,30062702
2021-06-30,68.25,68.7,67.9,67.97,26682514
2021-07-01,68,70.8,67.75,69.69,49410176
2021-07-02,69.03,69.29,66.85,66.91,53131555
2021-07-05,66.66,66.66,62.32,62.95,79501891
2021-07-06,62.6,62.6,60.83,62.06,65591779
2021-07-07,62.29,63.49,62.26,62.45,42130978
2021-07-08,62.46,62.88,61.17,61.37,37669299
2021-07-09,61.02,62.32,60.9,62.1,31713965
2021-07-12,63.5,64.5,62.99,63.12,59986695
2021-07-13,63.12,63.41,61.76,61.94,38145468
2021-07-14,61.7,61.8,60,60.11,67679871
2021-07-15,59.8,60.29,58.38,60.27,64806122
2021-07-16,60.27,60.27,59,60.1,45006736
2021-07-19,59.84,61,59.01,60.96,50233330
2021-07-20,60.85,63.18,60.5,63.18,79808081
2021-07-21,64,64.47,62.66,62.98,55457124
2021-07-22,62.96,62.96,61.27,61.28,47000640
2021-07-23,61.19,61.85,60.23,61.49,36112011
2021-07-26,61.3,61.3,58.59,59.22,46401001
2021-07-27,59.21,59.58,54.11,54.5,81094644
2021-07-28,53.97,56.27,53.6,55.91,52392023
2021-07-29,57.6,57.9,54.67,55.11,53012507
2021-07-30,54.58,54.88,53,54.38,48423569
2021-08-02,53.98,56.25,52.25,55.25,60414095
2021-08-03,55.11,57.4,54.6,57.4,54998221
2021-08-04,57.6,57.77,55.8,56.33,47326782
2021-08-05,56.34,57.48,55.49,55.8,38578877
2021-08-06,55.5,55.54,54.28,54.8,34743825
2021-08-09,54.5,57.92,54.26,56.92,53900047
2021-08-10,57.09,57.8,55.74,57.74,56306095
2021-08-11,57.2,58.37,56.77,56.89,39412559
2021-08-12,56.53,57.67,55.62,55.8,40083644
2021-08-13,55.56,56.65,55.28,56.53,33859164
2021-08-16,56.53,57.1,56.05,56.47,25064484
2021-08-17,56.2,56.43,54.65,54.75,36297864
2021-08-18,54.82,55.21,53.76,54.99,33002061
2021-08-19,54.66,55.46,53.78,53.84,33210110
2021-08-20,50,50.32,48.46,48.46,140676443
2021-08-23,47.55,48.2,45.5,47.18,134200961
2021-08-24,46.91,48.16,46.1,47.2,97395100
2021-08-25,47.21,48.11,46.71,47.41,63107053
2021-08-26,47.01,47.1,45.25,45.31,80436521
2021-08-27,45.5,46.9,45.49,46.05,53830432
2021-08-30,45.82,46.28,45.26,45.6,44456861
2021-08-31,45.45,46.14,44.33,45.2,49574185
2021-09-01,45.4,47.2,44.92,46.59,73127061
2021-09-02,46.6,46.6,45.5,45.86,46575210
2021-09-03,45.32,46.84,45.05,46.1,46235755
2021-09-06,46.19,48.89,46.19,48.1,86663569
2021-09-07,48.1,48.33,47.18,48.08,48897172
2021-09-08,48.08,48.32,47.6,47.75,33106871
2021-09-09,47.72,48.16,47.3,47.44,30166033
2021-09-10,47.4,47.95,47.09,47.45,33788585
2021-09-13,47.45,47.94,46.5,46.75,40587103
2021-09-14,46.77,47.52,46.73,46.8,48735457
2021-09-15,46.68,46.71,45.5,45.72,44832955
2021-09-16,45.9,46.45,45.38,46.15,55890581
2021-09-17,45.83,47.6,45.7,46.95,63532750
2021-09-22,46.95,48.15,46.61,47.9,58051309
2021-09-23,48,48.79,47.28,47.79,58686781
2021-09-24,47.7,50.1,47.55,49.8,92719699
2021-09-27,49.84,52.16,49.2,50.75,88159053
2021-09-28,51.5,51.5,49.33,50.39,54276640
2021-09-29,49.9,50.44,48.76,49.92,48439125
2021-09-30,49.94,50.63,49.44,50.23,41122129
2021-10-08,50.86,54.72,50.08,54.19,112430883
2021-10-11,54.19,55.54,53.01,53.61,73990926
2021-10-12,53.75,54.7,53.1,53.8,54972050
2021-10-13,53.55,53.55,51.55,52.95,60765613
2021-10-14,52.45,52.69,51.06,51.06,56168508
2021-10-15,50.4,51.37,49.74,50.05,56981151
2021-10-18,49.74,50,48.53,49.1,51512546
2021-10-19,48.74,50.74,48.66,49.61,52117489
2021-10-20,49,51.89,47.8,51.58,96591664
2021-10-21,50.96,51.32,50.37,50.5,43741124
2021-10-22,50.61,51.86,50.41,51.3,46196186
2021-10-25,51,52.3,50.8,51.21,45992167
2021-10-26,51.26,51.39,49.4,49.4,63857332
2021-10-27,49.3,49.87,48.68,49.06,34107124
2021-10-28,48.56,50.15,48.48,48.76,44555441
2021-10-29,48.5,49.88,48.5,49.24,42747645
2021-11-01,49.02,50.1,48.55,49.8,48770163
2021-11-02,49.51,50.28,48,48.5,48022525
2021-11-03,48.51,50.18,48.51,49.12,41553719
2021-11-04,49.25,51.8,49,51.21,82335021
2021-11-05,51.25,53.68,51.22,51.81,92066228
2021-11-08,52,52.23,49.5,49.62,82690286
2021-11-09,49.68,50.38,49.5,49.81,37359483
2021-11-10,49.81,54.5,49.7,53.73,137161202
2021-11-11,53.5,53.79,52.56,53,77586965
2021-11-12,53.05,53.45,52.01,52.55,44342847
2021-11-15,52.57,53.95,52.39,53.37,59007205
2021-11-16,53.4,54.97,53.37,54.35,67674990
2021-11-17,54.5,55.15,53.78,53.92,52225240
2021-11-18,53.5,53.58,51.6,51.78,69615884
2021-11-19,51.32,52.22,51.24,51.99,36658638
2021-11-22,52.59,53.17,51.85,52.02,43102616
2021-11-23,51.81,52.45,51.61,52.08,29804426
2021-11-24,51.95,52.2,51.5,51.88,30130630
2021-11-25,51.9,53.1,51.63,52.99,47393926
2021-11-26,53.18,53.2,52.25,52.35,42166255
2021-11-29,52.38,53.19,50.83,51.09,56636357
2021-11-30,50.65,51.1,50.06,50.17,48299412
2021-12-01,50.18,50.65,49.71,50.5,32040992
2021-12-02,49.93,49.93,49.02,49.06,52400722
2021-12-03,49.03,49.42,48.88,49.2,38878252
2021-12-06,49.2,49.8,49.19,49.28,36211477
2021-12-07,49.68,50.28,49.29,50.18,41526486
2021-12-08,50.19,50.38,49.4,50.36,33428958
2021-12-09,50.4,51.61,50.01,51.39,57603892
2021-12-10,51.01,51.68,50.91,51.26,39611804
2021-12-13,51.49,52,50.88,51,44410587
2021-12-14,50.65,51.48,50.62,51,30930105
2021-12-15,50.67,51,49.56,50,42367271
2021-12-16,49.7,50.3,49.33,50.23,31714685
2021-12-17,50.28,50.49,49.78,49.78,26485999
2021-12-20,49.45,50.45,49.36,49.88,25147077
2021-12-21,49.47,50.18,49.46,50.04,22340217
2021-12-22,50,50.09,49.56,49.66,25101230
2021-12-23,49.71,49.9,49.2,49.41,25486648
2021-12-24,49.3,50.33,49.25,50.12,33045803
2021-12-27,50.12,50.5,49.9,50.41,26823576
2021-12-28,50.41,50.77,49.92,50.17,27750953
2021-12-29,50.17,50.17,49.63,49.72,21495080
2021-12-30,49.74,50.46,49.43,50.01,28588126
2021-12-31,50.2,50.98,49.99,50.71,37903619
2022-01-04,50.78,50.96,49.84,50.39,37558099
2022-01-05,50.34,51.52,49.89,50.92,46626520
2022-01-06,50.93,51.48,50,50.11,44394613
2022-01-07,50.12,51.48,49.81,50.88,48377382
2022-01-10,50.9,51.48,50.2,51.12,39354201
2022-01-11,50.61,50.8,50.01,50.18,37017198
2022-01-12,50.23,50.4,49.46,49.59,51661589
2022-01-13,49.49,49.57,47.01,47.48,91049534
2022-01-14,47,47.43,46.58,46.65,49316842
2022-01-17,46.66,46.88,46.06,46.41,39411435
2022-01-18,46.41,46.5,46,46.21,35422094
2022-01-19,46.1,46.38,45.29,45.73,41324758
2022-01-20,45.65,46.1,45.58,45.69,35022531
2022-01-21,45.7,45.88,44.5,44.94,44690111
2022-01-24,44.5,44.93,43.28,43.29,64881390
2022-01-25,43.1,43.78,42.67,42.82,40394976
2022-01-26,43.14,43.28,42.04,42.09,37931518
2022-01-27,42.09,42.27,41.01,41.09,46565830
2022-01-28,41.09,41.55,40.88,40.95,34936921
2022-02-07,41.46,41.65,41.03,41.14,31371384
2022-02-08,41.14,41.77,40.7,41.72,31068155
2022-02-09,41.7,42.14,41.58,42.01,32053783
2022-02-10,42.11,42.11,41.34,41.57,25644223
2022-02-11,41.35,41.5,40.58,41.26,37166244
2022-02-14,41,41.22,39.7,39.75,53708185
2022-02-15,39.75,41.36,39.6,41.2,64533024
2022-02-16,41,41.08,40.4,40.57,48305457
2022-02-17,40.58,40.87,40.41,40.61,27164921
2022-02-18,40.21,41.08,40.04,40.96,32142190
2022-02-21,40.8,41.15,40.6,40.93,25357956
2022-02-22,40.93,40.93,40.01,40.11,32138660
2022-02-23,40.25,40.94,40.18,40.9,33611766
2022-02-24,40.67,40.74,39.33,39.68,55965819
2022-02-25,39.89,41.18,39.87,40.11,53627857
2022-02-28,40.12,40.44,39.8,40.08,31926340
2022-03-01,40.08,41.29,40.08,41.06,54467042
2022-03-02,40.83,40.83,40.42,40.61,27758955
2022-03-03,40.77,40.85,40.1,40.15,28509153
2022-03-04,39.8,40.33,39.51,39.78,32260730
2022-03-07,39.4,39.5,37.46,37.55,69311821
2022-03-08,37.63,37.85,36.51,36.68,47570733
2022-03-09,36.8,37.04,34.7,36.04,55880042
2022-03-10,36.8,37.1,36.1,36.17,45915501
2022-03-11,35.43,37.67,35.23,37.62,70909883
2022-03-14,37.78,38.89,37.4,37.4,67936056
2022-03-15,36.96,38,36,36.13,57855569
2022-03-16,36.65,37,34.8,36.74,68026140
2022-03-17,37.1,38.22,36.84,37.42,77190522
2022-03-18,37.03,37.6,36.8,37.5,56052304
2022-03-21,37.65,37.88,36.8,37.3,50742401
2022-03-22,37.3,37.65,36.9,36.94,28588195
2022-03-23,37.1,37.83,36.56,37.36,49846281
2022-03-24,36.99,37.86,36.63,37.64,57564842
2022-03-25,37.43,37.65,36.35,36.37,53161448
2022-03-28,35.9,36.16,35.5,35.9,32210268
2022-03-29,35.9,36.36,35.66,35.92,27391297
2022-03-30,36.17,37.42,35.7,37.42,58491887
2022-03-31,37.14,37.41,36.73,36.82,40177028
2022-04-01,36.6,37.07,36.07,36.78,37443074
2022-04-06,36.78,37.29,36.11,36.25,43128708
2022-04-07,36.28,36.49,35.3,35.32,39544602
2022-04-08,35.09,35.27,33.72,33.93,72302050
2022-04-11,33.61,33.85,32.7,32.8,57015653
2022-04-12,32.79,33.8,32.29,33.67,59154910
2022-04-13,33.37,34.15,33.22,33.64,36837657
2022-04-14,33.61,34.39,33.6,33.82,30884478
2022-04-15,33.8,34.45,33.64,34.09,33295778
2022-04-18,33.9,33.96,33.34,33.96,22362702
2022-04-19,33.82,34.35,32.92,33.11,40355756
2022-04-20,33.3,35.17,33.21,34.32,75469579
2022-04-21,34.2,34.6,32.92,33.17,47158907
2022-04-22,32.96,33.6,31.61,33,45291438
2022-04-25,30.15,30.79,29.7,29.7,103961707
2022-04-26,29,29.03,27.68,27.74,108285815
2022-04-27,27.01,28.16,27,28.06,70800384
2022-04-28,27.96,28.72,27.8,28.45,57221982
2022-04-29,28.44,29.69,28.37,29.48,57047871
2022-05-05,29.47,30.07,29.22,29.68,46188213
2022-05-06,29.1,29.95,29.01,29.34,30703506
2022-05-09,29.42,29.67,29.12,29.3,20167425
2022-05-10,28.51,29.6,28.25,29.39,38485915
2022-05-11,29.4,30.8,29.4,29.95,57337252
2022-05-12,29.76,30.27,29.7,30.03,25754613
2022-05-13,30.82,30.9,29.8,29.98,33940652
2022-05-16,30.28,30.52,29.37,29.43,34003837
2022-05-17,29.6,29.78,29.2,29.46,24848083
2022-05-18,29.56,29.7,29.25,29.38,24016408
2022-05-19,29.04,29.36,28.88,29.25,23759665
2022-05-20,29.55,30.35,29.5,30.24,51871653
2022-05-23,30.48,30.55,29.96,30.1,29397007
2022-05-24,30.08,30.1,28.52,28.61,58591864
2022-05-25,28.7,28.96,28.5,28.93,32155012
2022-05-26,28.98,29.46,28.56,29.04,37868062
2022-05-27,29.5,30.36,29.36,29.78,76123100
2022-05-30,29.83,30.05,29.46,29.71,38684402
2022-05-31,29.5,30.4,29.35,30.32,56494051
2022-06-01,30.33,30.45,29.81,29.98,36527466
2022-06-02,29.92,29.93,29.45,29.84,34885911
2022-06-06,29.76,30.67,29.72,30.53,55250628
2022-06-07,30.71,31.65,30.46,31.19,76249975
2022-06-08,31.26,32.9,31.17,32.09,118483139
2022-06-09,31.9,31.95,30.89,30.95,64919431
2022-06-10,30.69,31.68,30.69,31.56,56098475
2022-06-13,31.24,31.78,31.04,31.3,44504711
2022-06-14,31.05,31.65,30.45,31.62,49408309
2022-06-15,31.75,33.15,31.65,32.6,91066874
2022-06-16,32.71,33.33,32.51,32.61,66595322
2022-06-17,32.36,33.78,32.26,33.37,74071780
2022-06-20,33.52,33.96,33,33.46,65497153
2022-06-21,33.4,33.4,32.65,33.01,53150873
2022-06-22,33.1,33.5,32.61,32.64,42260559
2022-06-23,32.75,32.95,32.5,32.93,34749308
2022-06-24,32.93,33.78,32.93,33.52,56187724
2022-06-27,33.75,36.08,33.75,35.56,111401072
2022-06-28,35.55,35.83,34.85,35.66,58781599
2022-06-29,35.65,36.78,35.1,35.52,82848347
2022-06-30,35.8,37.48,35.75,37.09,86126325
2022-07-01,37.09,39,36.86,38.94,100034565
2022-07-04,39,41.5,37.81,41.17,141605359
2022-07-05,40.59,41.16,39.83,40.51,87550696
2022-07-06,40.61,41.59,39.15,39.42,94999076
2022-07-07,39.03,39.4,38.01,38.65,71418756
2022-07-08,38.99,39.3,38.3,38.45,46915445
2022-07-11,38.46,38.9,37.28,38.07,59025764
2022-07-12,38.06,38.16,36.86,36.87,55510986
2022-07-13,36.87,37.2,36.58,36.98,37840600
2022-07-14,37.2,38.83,37.2,38.53,75620590
2022-07-15,38.3,38.79,37.22,37.24,48843622
2022-07-18,37.2,38.05,36.62,37.93,38523036
2022-07-19,37.87,38.32,37.17,37.64,33988854
2022-07-20,37.9,38.46,37.7,38.02,35770240
2022-07-21,37.95,38.95,37.68,38.7,44110802
2022-07-22,38.7,39.65,38.49,39,52003928
2022-07-25,39,39.38,38.32,38.48,26374181
2022-07-26,38.51,39,36,36.17,99768428
2022-07-27,36,36.91,35.9,36.23,37437943
2022-07-28,36.12,36.49,35.5,36.1,43647016
2022-07-29,36.12,36.4,35.18,35.29,37716187
2022-08-01,35.28,35.58,34.61,35.18,26327807
2022-08-02,35,35,33.88,34.2,45681772
2022-08-03,34.24,35.25,34.24,34.7,36713307
2022-08-04,34.99,36.76,34.95,36.71,64300241
2022-08-05,36.94,38.09,36.91,38.03,59997612
2022-08-08,38.18,38.55,37.51,38.09,34808447
2022-08-09,38,38,37.05,37.33,28071991
2022-08-10,37.3,37.55,36.43,36.85,32982139
2022-08-11,37,37.66,36.62,37.43,32924260
2022-08-12,37.41,37.8,37.1,37.44,22688667
2022-08-15,37.37,37.65,36.88,36.9,25924769
2022-08-16,36.9,37.43,36.36,36.45,26536787
2022-08-17,36.3,36.86,36.15,36.63,25807037
2022-08-18,36.42,36.6,35.72,36.04,27433098
2022-08-19,35.89,36.39,35.8,35.9,23214454
2022-08-22,34.51,35.53,33.6,35.04,60442002
2022-08-23,35.03,35.63,34.43,34.62,32782976
2022-08-24,34.62,35.25,34.46,34.48,27963517
2022-08-25,34.54,35.14,33.89,34.99,26356437
2022-08-26,35.09,35.33,34.7,34.77,21209525
2022-08-29,34.15,34.61,34.05,34.23,17626560
2022-08-30,34.26,34.57,33.4,33.67,30931638
2022-08-31,33.42,34.99,33.38,34.66,35654624
2022-09-01,34.65,34.86,34.09,34.34,24254686
2022-09-02,34.49,35.18,33.7,33.9,26619403
2022-09-05,33.8,34.1,33.3,33.73,22220387
2022-09-06,33.93,34.2,33.62,33.88,18024431
2022-09-07,33.6,33.72,33.16,33.43,24783801
2022-09-08,33.6,34.4,33.5,33.73,27455526
2022-09-09,33.66,34.87,33.66,34.78,41417442
2022-09-13,34.8,35.65,34.58,35.52,36234031
2022-09-14,35.09,35.82,34.72,35.68,29178732
2022-09-15,35.89,35.99,35.4,35.49,27519277
2022-09-16,35.5,35.68,34.73,34.83,31629556
2022-09-19,34.92,35.32,34.41,34.69,20049469
2022-09-20,34.71,34.96,33.95,34.13,20223730
2022-09-21,34.13,34.23,33.25,33.43,29076191
2022-09-22,33.1,33.57,32.33,32.64,31204576
2022-09-23,32.5,33.66,32.36,32.93,34193106
2022-09-26,32.93,33.3,31.88,31.9,34576805
2022-09-27,32.02,33.7,31.9,33.65,46468107
2022-09-28,33.63,33.99,33.21,33.47,29700983
2022-09-29,33.89,35.94,33.59,34.97,58271432
2022-09-30,34.96,35.59,34.7,35.1,34258836
2022-10-10,35,35.35,34.23,34.26,31217084
2022-10-11,34.55,34.58,33.85,34.1,19941630
2022-10-12,34,34.12,32.12,33.25,41896196
2022-10-13,33.1,34.97,32.95,34.54,39785398
2022-10-14,35,37.99,34.95,37.99,95015743
2022-10-17,38.23,40.4,38.23,39.55,141594113
2022-10-18,39.55,40.15,38.78,39.46,82703342
2022-10-19,39.45,39.82,38.5,39,55016799
2022-10-20,38.56,40.66,38.5,39.18,86164577
2022-10-21,38.7,40.18,38.6,39.97,70174649
2022-10-24,40,40.37,38.78,38.98,67690469
2022-10-25,38.66,39.07,37.42,38.12,50504465
2022-10-26,38.11,40.3,38.09,39.72,73405841
2022-10-27,39.72,40.15,39.2,39.72,50758576
2022-10-28,39.6,40.39,38.83,38.95,56042171
2022-10-31,38.16,40.5,38.15,40.2,73643088
2022-11-01,40.08,41.58,39.53,41.49,83485570
2022-11-02,41.2,43.21,40.89,41.98,94480798
2022-11-03,41.55,42.56,41.07,42.09,50993469
2022-11-04,41.8,42.56,41.65,41.8,53343596
2022-11-07,41.75,42.08,41.21,41.99,48156312
2022-11-08,41.96,41.96,40.53,40.7,58638621
2022-11-09,40.7,41.4,40.43,40.75,33197794
2022-11-10,40.5,41.15,40.03,40.19,31987722
2022-11-11,41.04,41.46,39.22,39.22,67849700
2022-11-14,39.34,41.13,39.27,40.76,56839680
2022-11-15,40.77,40.78,39.75,40.24,48004289
2022-11-16,40.24,41.58,39.63,40.5,47633055
2022-11-17,40.3,41.11,40,40.4,27768265
2022-11-18,40.49,41.3,40.19,40.27,34911340
2022-11-21,39.8,41.08,39.2,40.79,41837061
2022-11-22,40.83,41.75,39.77,39.92,40809956
2022-11-23,39.69,39.89,39.06,39.5,27988278
2022-11-24,39.62,40.11,38.81,39.37,28407498
2022-11-25,39.18,39.8,38.8,39.63,24863939
2022-11-28,38.9,39.47,38.61,39.18,26013507
2022-11-29,39.42,40.22,39.09,40.05,27573327
2022-11-30,40.05,40.3,39.6,39.83,29326372
2022-12-01,40.22,40.96,39.8,40.47,37955816
2022-12-02,40.43,40.91,40.23,40.5,25060329
2022-12-05,40.5,40.86,39.6,39.88,45331741
2022-12-06,39.7,40.5,39.68,39.88,27430804
2022-12-07,39.8,40.88,39.34,40.58,39600331
2022-12-08,40.57,40.58,38.86,38.87,61277745
2022-12-09,38.94,39.3,38.7,38.82,40982699
2022-12-12,38.9,39.55,38.5,38.88,37690011
2022-12-13,38.89,39,37.86,38.38,38459977
2022-12-14,38.38,38.58,37.8,38.44,26294084
2022-12-15,38.18,38.8,37.86,37.96,21286504
2022-12-16,37.81,38.05,37.71,38,24909248
2022-12-19,38.08,38.24,37.08,37.19,29134505
2022-12-20,37.17,37.48,36.5,36.51,27843799
2022-12-21,36.51,36.69,35.93,36.14,25131327
2022-12-22,36.45,37.35,36.26,36.63,35620632
2022-12-23,36.31,36.93,36.2,36.75,21684520
2022-12-26,36.71,38,36.68,37.56,31640183
2022-12-27,37.88,37.89,36.88,37.07,32014023
2022-12-28,36.99,37.85,36.92,37.4,24749478
2022-12-29,37.25,38.31,37.05,38.13,35750843
2022-12-30,38.17,38.85,38.17,38.53,28241127
2023-01-03,38.62,39.05,38.11,38.44,25756493
2023-01-04,38.63,38.99,38.41,38.77,25766800
2023-01-05,39,39.87,38.71,39.55,40846418
2023-01-06,39.7,39.84,39.21,39.31,20010679
2023-01-09,39.28,39.8,38.77,39.55,32836027
2023-01-10,39.53,39.9,39.3,39.38,37450772
2023-01-11,39.38,39.65,38.33,38.45,53157259
2023-01-12,38.47,38.54,37.74,37.79,49527676
2023-01-13,38.45,39.51,37.84,39.27,70816302
2023-01-16,39.27,43.2,39.27,43.13,137880485
2023-01-17,42.79,43.33,41.88,42.18,84431216
2023-01-18,42.28,42.66,41.33,41.57,54131292
2023-01-19,42.16,44.77,41.66,43.64,109486409
2023-01-20,43.68,44.88,43.39,43.54,53246467
2023-01-30,43.9,44.44,43.09,43.25,49662346
2023-01-31,43.27,43.8,42.14,42.21,40917558
2023-02-01,42.23,42.7,41.98,42.64,39641365
2023-02-02,42.7,44.1,42.45,43,65348651
2023-02-03,43.07,43.59,42.72,42.8,49801817
2023-02-06,42.8,42.97,41.9,42.49,37917265
2023-02-07,42.39,43.18,41.84,42.1,30763310
2023-02-08,42.19,43.5,42.15,42.96,42394935
2023-02-09,42.82,43.87,42.67,43.65,37302195
2023-02-10,43.64,43.96,43.23,43.6,27969963
2023-02-13,44.31,45.99,44.31,44.97,65267726
2023-02-14,44.93,45.4,44.54,45.22,32976250
2023-02-15,45.2,45.53,44.45,44.81,26946978
2023-02-16,44.8,45.07,43.31,43.79,45881524
2023-02-17,43.7,44.9,43.38,44.17,39571599
2023-02-20,44.16,45.45,43.69,45.22,45992311
2023-02-21,45.02,45.44,44.3,44.5,33743404
2023-02-22,44.4,44.8,44,44.11,22247659
2023-02-23,44.02,44.32,43.18,43.52,33706211
2023-02-24,43.39,44.19,43.09,43.19,23817826
2023-02-27,42.9,43.4,42.6,43.13,27040102
2023-02-28,43.23,44.43,42.92,43.5,32849451
2023-03-01,43.43,44.14,43.18,43.77,26521282
2023-03-02,43.49,43.77,42.88,43.19,23068576
2023-03-03,43.16,43.98,43.1,43.4,19015612
2023-03-06,43.5,43.76,43.08,43.42,21086872
2023-03-07,43.4,43.8,42.11,42.12,33438682
2023-03-08,42.11,42.33,41.59,41.96,27051028
2023-03-09,41.93,42.23,41.7,41.73,17677388
2023-03-10,41.36,42.21,41.33,41.86,20826778
2023-03-13,41.53,41.9,41.21,41.42,25468854
2023-03-14,41.42,42.46,41.28,41.48,33139474
2023-03-15,41.85,42.27,41.26,41.38,21209571
2023-03-16,41.15,41.95,41.06,41.19,18424765
2023-03-17,41.55,41.79,40.7,40.82,38771555
2023-03-20,40.88,41.09,40.09,40.4,33513318
2023-03-21,40.35,41.78,40.35,41.6,33389663
2023-03-22,41.61,42.76,41.61,42.63,33114424
2023-03-23,42.59,42.96,42.29,42.67,26265561
2023-03-24,42.6,42.87,41.63,41.7,25985641
2023-03-27,41.7,43.3,40.9,43.28,46930086
2023-03-28,43.09,43.2,42.32,43,26161118
2023-03-29,43.35,43.46,42.78,43.16,18357576
2023-03-30,43.16,43.25,42.51,43.01,20674689
2023-03-31,43.01,43.44,42.5,42.82,22069849
2023-04-03,42.65,43.18,42.4,42.56,24411361
2023-04-04,42.56,43.16,42.1,43.15,33852719
2023-04-06,43.2,43.25,42.3,42.78,28035252
2023-04-07,42.79,45.3,42.79,45.15,67000852
2023-04-10,45.15,46.69,44.9,46.27,66271965
2023-04-11,46.2,46.66,45.72,46.01,32702606
2023-04-12,46.1,47.35,45.56,45.63,33600869
2023-04-13,45.63,47.75,45.47,47.35,64601144
2023-04-14,47.94,48.63,47,47.72,60487952
2023-04-17,47.8,50.3,47.8,49.29,80331157
2023-04-18,49.3,49.7,48.38,48.93,37630631
2023-04-19,48.8,49.2,48.41,48.66,26781979
2023-04-20,48.5,48.91,47.53,47.8,41476607
2023-04-21,47.8,48.35,47.32,47.32,40835484
2023-04-24,47.33,49.32,47.33,48.35,60310483
2023-04-25,48.35,48.96,47.28,47.98,43867208
2023-04-26,48,48.77,47.02,48.2,36025480
2023-04-27,48.18,48.75,47.41,48.2,40053833
2023-04-28,48.2,48.95,47.83,48.65,28298296
2023-05-04,48.55,49.9,48.48,49.27,43250708
2023-05-05,49.38,49.48,47.08,47.47,42260825
2023-05-08,47.47,47.6,46.07,46.51,46805247
2023-05-09,46.39,46.82,45.7,45.93,28953561
2023-05-10,46,46.7,45.65,46.35,25166512
2023-05-11,46.35,47.99,46.21,46.43,28621814
2023-05-12,46.44,46.87,45.37,45.51,36376710
2023-05-15,45.51,47.61,45.5,47.44,32602493
2023-05-16,49.1,49.71,48.7,49.13,58884571
2023-05-17,49.25,49.35,48.16,48.5,27133092
2023-05-18,48.5,48.87,47.78,48.02,22902166
2023-05-19,48.08,49.75,48.08,49.13,34109283
2023-05-22,49.18,50.2,48.33,48.7,29132991
2023-05-23,48.75,49.9,48.74,49.1,32898260
2023-05-24,49.1,49.18,47.63,47.96,28712039
2023-05-25,47.67,48.25,47.18,48.06,18370535
2023-05-26,47.95,49.05,47.89,48.4,17498595
2023-05-29,48.45,49.03,47.83,48.3,21862470
2023-05-30,48.3,49.2,47.3,48.29,34762660
2023-05-31,48.5,48.63,45.01,45.55,85934909
2023-06-01,45.56,46.89,45.45,45.93,45827591
2023-06-02,46.18,46.84,45.87,46.03,28695031
2023-06-05,46.2,46.9,46.04,46.5,27091140
2023-06-06,46.54,47.17,46.15,46.31,26781998
2023-06-07,46.3,46.69,45.35,45.5,24821752
2023-06-08,45.5,45.68,44.85,45.59,22328368
2023-06-09,45.34,46.15,45.11,45.79,31495725
2023-06-12,45.63,45.63,43.7,44.7,49949418
2023-06-13,44.61,45.34,44.27,45,19617974
2023-06-14,45.1,46.38,44.82,46,41155584
2023-06-15,46.4,46.99,46.04,46.93,31730099
2023-06-16,46.8,48.48,46.7,47.5,38034366
2023-06-19,47.5,47.88,46.63,46.88,21812681
2023-06-20,46.97,47.49,46.7,46.78,14896722
2023-06-21,46.51,47.17,46.4,46.4,17086261
2023-06-26,46.28,47.08,45.68,46.36,21399989
2023-06-27,46.18,46.8,45.83,45.95,18978355
2023-06-28,46.13,46.4,45.71,46.2,21520319
2023-06-29,46.15,47.44,46.1,47.05,30294997
2023-06-30,46.9,48.48,46.86,47.9,28356163
2023-07-03,47.92,47.92,47.03,47.36,20398424
2023-07-04,47.3,50.5,46.51,48.85,84157068
2023-07-05,48.85,49.85,48.53,49.19,46108311
2023-07-06,49.16,49.2,47.89,48.11,25224843
2023-07-07,48,48.59,47.81,48.39,17226779
2023-07-10,48.38,48.49,47.36,47.61,21679425
2023-07-11,48,48.56,47.21,48.24,24212838
2023-07-12,48.24,48.4,47.55,47.77,14681110
2023-07-13,47.94,48.2,47.5,48.01,24604015
2023-07-14,47.98,47.99,47.5,47.52,13461016
2023-07-17,47.52,47.52,46.73,47.2,21394359
2023-07-18,47.4,47.85,47,47.2,12113452
2023-07-19,47,47.37,46.55,46.69,19415049
2023-07-20,46.99,47.4,45.87,45.96,18098829
2023-07-21,46.03,46.3,45.65,45.93,20976558
2023-07-24,45.9,48,45.89,47.29,47398816
2023-07-25,47.75,47.9,47.13,47.76,24909769
2023-07-26,47.77,48.16,47.55,48.08,16778804
2023-07-27,48.33,48.47,47.8,48.11,16225472
2023-07-28,47.88,49.2,47.59,49.05,37757340
2023-07-31,49.04,49.33,44.22,44.58,135924169
2023-08-01,44.31,44.31,42.3,43.38,134400131
2023-08-02,43.25,43.99,42.06,42.28,93481863
2023-08-03,41.85,42.89,41.18,42.27,79188796
2023-08-04,42.55,42.67,41,41.07,106460887
2023-08-07,40.66,40.66,38.56,39.13,134789310
2023-08-08,38.6,40.69,38.58,40.14,97417696
2023-08-09,39.9,40.67,39.8,40.21,57386328
2023-08-10,40.21,40.38,39.6,39.9,35595251
2023-08-11,39.96,40.23,39.2,39.2,33789776
2023-08-14,38.83,40.79,38.8,40.62,60278981
2023-08-15,40.61,41.1,39.98,40.5,42658221
2023-08-16,40.39,41.91,40.25,41.01,63040895
2023-08-17,40.72,40.86,40.1,40.57,39559904
2023-08-18,40.5,40.58,39.8,39.95,26186208
2023-08-21,37.96,39.33,37.1,38.8,60792050
2023-08-22,39.15,39.4,38.33,39.15,43538559
2023-08-23,39.1,39.31,38.68,38.7,25817058
2023-08-24,38.71,40.88,38.4,40.44,47773653
2023-08-25,40.26,41.33,40.16,40.72,43030579
2023-08-28,42.99,43.35,41.52,41.92,72210177
2023-08-29,41.91,42.49,41.6,42.25,37699685
2023-08-30,42.5,42.5,42,42.15,25350381
2023-08-31,42.15,42.24,41.7,41.78,25963264
2023-09-01,41.85,42.02,41.43,41.53,16531303
2023-09-04,41.93,41.97,41.1,41.2,32468808
2023-09-05,41.21,41.58,41.09,41.21,20244428
2023-09-06,41.01,41.19,40.6,40.73,21181611
2023-09-07,40.88,40.88,39.93,40.29,28664943
2023-09-08,40.25,40.61,40,40.58,17849659
2023-09-11,40.75,43.16,40.75,43,75735706
2023-09-12,42.81,43.18,42.68,42.91,26204255
2023-09-13,42.85,43.08,42.01,42.2,22314129
2023-09-14,42.33,42.79,42.05,42.59,23008852
2023-09-15,42.7,43.95,42.35,43.6,66959064
2023-09-18,43.61,44.95,43.59,44.36,47897373
2023-09-19,44.36,44.82,44.09,44.63,25726585
2023-09-20,44.5,44.6,43.88,44.35,21810368
2023-09-21,44.35,44.39,43.78,43.89,19223792
2023-09-22,43.97,44.14,43.4,44.06,28240836
2023-09-25,44.1,45.05,43.71,44.85,40740339
2023-09-26,44.8,45.08,44.15,44.7,27301792
2023-09-27,44.68,45.68,44.65,45.31,35724335
2023-09-28,45.55,45.88,44.76,44.94,25130745
2023-10-09,44.89,45.2,44.12,44.76,33142248
2023-10-10,44.92,44.99,44.28,44.37,16601862
2023-10-11,44.7,45.57,44.7,45.05,32957719
2023-10-12,45.6,45.65,44.7,44.95,24460777
2023-10-13,44.58,45.12,44.37,44.65,18751325
2023-10-16,44.82,45.12,44.1,44.23,21440014
2023-10-17,44.23,44.53,43.6,44.47,21429257
2023-10-18,44.48,44.49,43.76,43.82,15701071
2023-10-19,43.66,44.08,43.2,43.41,26274650
2023-10-20,43.12,43.5,42.55,42.72,30303433
2023-10-23,42.73,43.36,42.33,43.07,22463199
2023-10-24,43.06,43.5,42.61,43.23,26085607
2023-10-25,43.69,43.87,43.06,43.17,27514540
2023-10-26,43.89,44.85,43.45,44.45,41809167
2023-10-27,44.26,45.55,43.88,45.4,41407204
2023-10-30,45.45,47,45.2,46.58,55065386
2023-10-31,48.53,48.78,47.23,47.94,70656935
2023-11-01,47.95,48.18,47.29,47.97,33568663
2023-11-02,48.17,48.2,47.71,47.9,20514154
2023-11-03,47.8,48.1,47.4,47.51,21283811
2023-11-06,48.49,48.88,48.16,48.33,37813766
2023-11-07,48.5,48.81,48.18,48.43,26149197
2023-11-08,48.47,49.74,48.47,49.28,31846619
2023-11-09,49.14,49.37,48.27,48.38,29470018
2023-11-10,48.1,48.68,48.03,48.39,18655843
2023-11-13,48.51,48.64,47.06,47.3,33864122
2023-11-14,47.37,47.68,46.8,47.04,20678755
2023-11-15,47.68,47.98,47.16,47.33,15672204
2023-11-16,47.03,47.48,46.76,46.8,13957572
2023-11-17,46.79,47.33,46.68,47.14,21179904
2023-11-20,47.21,47.98,46.96,47.49,23108019
2023-11-21,47.6,48.08,47.31,47.58,20546593
2023-11-22,47.58,47.67,47.14,47.14,12690197
2023-11-23,47.15,47.27,46.65,47.17,12684710
2023-11-24,47.01,47.21,46.72,46.93,14647110
2023-11-27,46.92,47.1,46.42,46.8,18443196
2023-11-28,46.7,47.5,46.58,47.5,20418019
2023-11-29,47.5,47.9,47.33,47.67,17545365
2023-11-30,47.7,48.08,47.43,48.02,21598333
2023-12-01,47.95,48.13,45.83,46.58,40816647
2023-12-04,46.56,46.64,45.5,45.99,27686101
2023-12-05,45.83,46.3,45.15,45.25,26579143
2023-12-06,45.22,46.02,44.85,45.41,22028902
2023-12-07,45.48,45.75,44.73,44.78,23743794
2023-12-08,44.77,45.66,44.65,45.59,29241298
2023-12-11,45.37,46.6,45.06,46.53,26769468
2023-12-12,46.53,46.66,45.45,45.8,21297004
2023-12-13,45.54,46.09,45.52,45.62,18676447
2023-12-14,46.08,46.19,45.57,45.73,19406117
2023-12-15,45.75,45.84,44.45,44.66,25906571
2023-12-18,44.59,45.78,44.18,45.49,24478562
2023-12-19,45.41,45.44,44.21,44.78,21434676
2023-12-20,44.7,45.18,44.19,44.23,18982063
2023-12-21,44.18,44.63,44.05,44.49,18835212
2023-12-22,44.48,44.57,43.51,44.01,24235823
2023-12-25,44.01,44.55,43.9,44,13361150
2023-12-26,44,44.07,43.3,43.98,15055393
2023-12-27,43.9,44.21,43.36,44.09,21601490
2023-12-28,44.1,44.85,43.93,44.75,30763447
2023-12-29,44.88,45.4,44.65,45.23,24238046
2024-01-02,45.24,45.44,44.36,44.47,18260797
2024-01-03,44.21,44.88,44.05,44.23,14669379
2024-01-04,44.3,44.34,42.88,43.79,33904543
2024-01-05,43.31,43.5,41.28,41.95,49522687
2024-01-08,41.8,41.8,41,41.11,30009112
2024-01-09,41.15,41.56,40.88,41.2,21174933
2024-01-10,41.2,41.99,40.77,41.5,20674583
2024-01-11,41.51,41.85,41.18,41.48,18971994
2024-01-12,41.21,41.6,40.92,41.1,13270135
2024-01-15,40.7,41.9,40.68,41.51,14893496
2024-01-16,41.2,41.65,40.8,41.41,18657709
2024-01-17,41.13,41.29,40.11,40.11,24023217
2024-01-18,40,41.4,39.47,41.29,38716460
2024-01-19,41.09,41.6,40.81,41.41,31739489
2024-01-22,41.4,41.7,40.13,40.78,34937745
2024-01-23,40.68,40.92,40.23,40.3,20886214
2024-01-24,40.68,40.73,39.5,40.52,25004207
2024-01-25,40.84,41.2,40.05,41.2,27891163
2024-01-26,40.9,41.22,40.01,40.3,30279954
2024-01-29,40.25,40.55,39.03,39.25,28105100
2024-01-30,39.22,39.44,38.56,38.69,23301300
2024-01-31,38.4,38.6,37.22,37.45,38059705
2024-02-01,37.2,38.06,36.88,37.16,30023460
2024-02-02,37.22,37.67,35.51,35.95,36047509
2024-02-05,35.98,37.96,35.79,37.4,49793860
2024-02-06,37.4,41.05,37.2,41,56819466
2024-02-07,41.25,41.86,40.51,41.84,52212378
2024-02-08,41.84,42.55,41.18,41.87,37994404
2024-02-19,41.86,42.17,41.05,41.66,25380790
2024-02-20,41.73,42.23,41.51,41.86,21225500
2024-02-21,41.88,42.46,41.45,42.22,29901470
2024-02-22,42,42.54,41.96,42.43,17530089
2024-02-23,42.43,42.86,41.88,42.39,22950641
2024-02-26,42.21,42.49,41.8,42.08,18878234
2024-02-27,42.1,42.33,41.84,42.27,17616119
2024-02-28,42.47,43.59,42.23,42.23,34011785
2024-02-29,42.22,42.85,42.1,42.64,25340841
2024-03-01,42.64,42.92,42.1,42.52,21563699
2024-03-04,42.52,43.98,42.46,43.9,37656812
2024-03-05,43.9,44.7,43.62,44.56,37120036
2024-03-06,44.65,44.9,43.7,43.96,21699075
2024-03-07,43.9,43.96,41.6,41.95,45743263
2024-03-08,41.94,42.7,41.62,41.89,27741788
2024-03-11,41.9,43.7,41.68,43.6,32546746
2024-03-12,43.71,45.29,43.2,44.93,43140972
2024-03-13,45,45.03,44.16,44.68,20749481
2024-03-14,49,49.15,46.51,47.03,109924476
2024-03-15,46.98,47.95,46.5,47.13,43857939
2024-03-18,47,47.68,46.45,47.28,29791431
2024-03-19,46.91,47.33,45.9,45.97,27204791
2024-03-20,45.66,45.91,45.31,45.63,22501410
2024-03-21,45.85,46.07,45.45,45.63,18335706
2024-03-22,45.54,46,45.1,45.93,24225421
2024-03-25,45.95,46.82,45.81,46.16,23261953
2024-03-26,46.1,46.59,45.87,46.27,20006073
2024-03-27,46.2,46.35,45.7,45.91,15566813
2024-03-28,45.91,46.86,45.54,46.21,21401947
2024-03-29,46.21,46.37,45.4,45.97,18703757
2024-04-01,45.98,46.8,45.98,46.32,20222435
2024-04-02,46.2,46.69,45.06,45.46,22490309
2024-04-03,45.1,45.33,44.52,44.76,23690420
2024-04-08,44.8,45.87,44.8,45.4,23626791
2024-04-09,45.4,45.63,44.28,45.54,21527235
2024-04-10,45.54,45.98,44.9,45.45,16353062
2024-04-11,45.05,45.49,44.63,44.94,18609152
2024-04-12,44.8,45.35,43.95,44.09,22211902
2024-04-15,44.14,45.15,44.09,44.56,22027768
2024-04-16,44.33,44.65,43.79,44.26,23385721
2024-04-17,44.35,44.78,43.84,44.39,23275600
2024-04-18,45.2,45.5,42.2,42.35,59016774
2024-04-19,42,42.34,41.22,41.68,38425460
2024-04-22,41.99,42.17,41.46,41.86,27806445
2024-04-23,41.86,44.27,41.8,44.07,49366110
2024-04-24,43.96,44.2,43.4,43.7,21625198
2024-04-25,43.7,44.97,43.5,44.3,24469103
2024-04-26,44.2,45.79,44.17,45.61,34278262
2024-04-29,45.6,46.86,45.53,46.18,34279567
2024-04-30,46.39,46.85,45.85,46.16,19250243
2024-05-06,46.93,47.87,46.42,47.16,32582423
2024-05-07,47.16,47.5,47.02,47.23,20377965
2024-05-08,47.26,47.37,46.25,46.42,26129151
2024-05-09,46.51,47.23,46.31,46.9,17514723
2024-05-10,46.79,47.05,46.19,46.48,15577277
2024-05-13,46.48,46.78,45.37,45.53,29175692
2024-05-14,45.53,45.78,45.22,45.33,19723737
2024-05-15,45.34,45.42,44.53,44.67,15942898
2024-05-16,45,45.11,44.4,44.69,23437708
2024-05-17,45.5,46.23,44.07,44.75,37685549
2024-05-20,44.28,44.79,43.48,43.81,39702265
2024-05-21,43.72,44.16,43.42,43.8,24438325
2024-05-22,43.9,43.96,43.4,43.54,25238847
2024-05-23,43.54,43.59,42.9,43.05,19702407
2024-05-24,43.05,43.18,42.38,42.44,22038350
2024-05-27,42.33,42.9,41.82,42.7,30678196
2024-05-28,42.7,43.59,42.36,43.27,37427881
2024-05-29,43.25,43.48,42.95,43.02,16676675
2024-05-30,43.05,43.24,42.54,42.88,13247711
2024-05-31,43.4,43.59,42.36,42.36,22865066
2024-06-03,42.22,42.69,42.07,42.5,18780093
2024-06-04,42.45,44,42.36,43.83,35813890
2024-06-05,43.83,44.3,43.69,43.92,18067577
2024-06-06,43.65,44.1,42.8,42.91,22586853
2024-06-07,42.99,43.26,42.15,42.15,23854735
2024-06-11,42,42.81,41.7,42.72,25112141
2024-06-12,42.73,42.73,41.91,42.1,21850545
2024-06-13,42.1,42.43,41.53,42.06,20729821
2024-06-14,41.9,42.1,41.08,41.9,41537240
2024-06-17,41.6,42.7,41.59,42.53,24198112
2024-06-18,42.5,42.71,41.81,41.97,20392334
2024-06-19,42,42.26,41.21,41.36,20101128
2024-06-20,41.34,41.77,40.58,40.6,24782740
2024-06-21,40.7,40.8,39.77,40.04,36455301
2024-06-24,40,40.64,39.54,40.29,27893044
2024-06-25,40.51,40.58,39.45,39.7,22458955
2024-06-26,39.69,40.04,39.43,39.9,22323523
2024-06-27,39.85,39.85,39,39.24,27183773
2024-06-28,39.2,39.44,38.33,38.46,30925798
2024-07-01,38.45,38.47,37.8,38.27,23890913
2024-07-02,38.23,38.25,37.24,37.47,31084695
2024-07-03,37.6,39.6,37.33,38.67,55275948
2024-07-04,38.67,39.45,38.33,38.45,28925733
2024-07-05,38.46,40.3,38.1,40.03,49365271
2024-07-08,39.2,40.1,38.44,39.21,49986820
2024-07-09,39.12,39.48,38.01,38.99,40106262
2024-07-10,39,39.79,38.88,39.41,20232304
2024-07-11,39.79,41.14,39.3,40.6,37980200
2024-07-12,40.84,41.5,40.48,41.27,31501013
2024-07-15,41,41.29,40.46,40.78,20710958
2024-07-16,40.65,41.06,40.42,40.95,22626802
2024-07-17,40.58,42.15,40.5,41.74,35683208
2024-07-18,41.8,42.42,41.7,42.15,30712230
2024-07-19,42.08,42.48,41.93,42.23,27751083
2024-07-22,42.22,43.1,41.85,42.77,32570326
2024-07-23,42.73,42.82,41.35,41.41,36689667
2024-07-24,41.29,42.06,41.2,41.4,20035166
2024-07-25,41.22,41.88,40.7,41.46,21908030
2024-07-26,41.46,41.58,40.59,41.07,22115817
2024-07-29,41.02,41.36,40.39,40.49,23478909
2024-07-30,40.5,40.66,39.62,40,24261502
2024-07-31,39.99,42.36,39.7,42.21,39572420
2024-08-01,42.19,42.5,41.75,41.95,17431319
2024-08-02,41.89,42.98,41.8,42.17,25582033
2024-08-05,42.17,43.58,42.11,42.65,32358803
2024-08-06,42.63,43.18,42.48,42.91,21771513
2024-08-07,42.88,42.89,42.11,42.15,17729345
2024-08-08,42.11,42.89,42.11,42.58,16488658
2024-08-09,42.7,43.3,42.41,42.42,15598427
2024-08-12,42.22,43.96,42.21,43.63,33283489
2024-08-13,43.6,43.6,42.4,42.67,22723619
2024-08-14,42.95,42.98,42.09,42.5,14184673
2024-08-15,42.38,43.65,42.32,42.92,21424655
2024-08-16,42.6,43.21,42.3,43.12,15694280
2024-08-19,43.21,43.6,41.77,42.11,23967290
2024-08-20,42.1,42.38,41.8,42.25,15398722
2024-08-21,42.19,42.8,42.04,42.31,16231298
2024-08-22,43.21,44.27,42.63,43.93,53734750
2024-08-23,43.68,43.95,43.08,43.62,27750880
2024-08-26,43.61,43.8,42.8,43.32,24522498
2024-08-27,43.27,43.98,43.11,43.6,22626754
2024-08-28,43.6,44.08,43.15,43.5,20622688
2024-08-29,43.48,44.55,43.3,44.32,30523004
2024-08-30,44.44,44.5,43.93,44.13,31328037
2024-09-02,44.01,44.37,43.02,43.9,25800846
2024-09-03,43.88,45.2,43.72,44.58,31647968
2024-09-04,44.38,45.15,44.17,44.51,21257720
2024-09-05,44.66,45.18,44.42,45,19863861
2024-09-06,45.15,45.15,44.4,44.4,14147570
2024-09-09,44.4,45.42,44.3,44.55,25601684
2024-09-10,44.4,44.7,43.71,44.48,19918291
2024-09-11,44.3,45.55,44.11,45.43,29157838
2024-09-12,45.23,45.78,44.75,44.97,18657815
2024-09-13,44.95,45.3,44.4,44.77,19509734
2024-09-18,44.89,45.59,44.78,45.12,17507905
2024-09-19,45.13,45.33,44.4,45,22401152
2024-09-20,44.9,44.9,42.32,42.71,66915599
2024-09-23,42.88,43.48,42.52,42.71,28475378
2024-09-24,43.38,43.72,42.24,43.66,43328054
2024-09-25,44.01,44.65,43.69,43.84,43382501
2024-09-26,44.14,46.5,43.71,46.46,47693338
2024-09-27,47.38,48.9,46.95,48.68,38062085
2024-09-30,50.2,52.74,50,52.3,101848211
2024-10-08,57.53,57.53,53.4,56.01,119259493
2024-10-09,55,55,51.56,51.68,90059068
2024-10-10,51.68,53.82,51.68,52.57,58528066
2024-10-11,52.13,52.57,49.68,50.2,49542203
2024-10-14,50.5,51.67,50.06,51.39,39584123
2024-10-15,51.39,52.62,50.55,50.6,36326359
2024-10-16,49.89,50.68,49.01,49.18,39738816
2024-10-17,49.3,50.53,49.22,49.22,34296311
2024-10-18,49,51.51,48.76,50.48,53672595
2024-10-21,50.6,51.07,49.33,50.56,47185178
2024-10-22,50.21,51.79,50.21,50.76,40107748
2024-10-23,50.83,51.18,50.14,50.69,37059732
2024-10-24,50.6,50.6,47.82,48.67,90154712
2024-10-25,48.6,48.6,46.72,48,94314886
2024-10-28,48.03,48.9,47.97,48.59,57114104
2024-10-29,48.62,48.91,48.1,48.18,39770039
2024-10-30,48.18,48.48,46.96,47.2,47548494
2024-10-31,47.21,47.4,46.56,46.6,45672171
2024-11-01,46.72,48.5,46.72,47.56,61995884
2024-11-04,48.1,48.39,47.26,47.99,40659229
2024-11-05,47.62,48.84,47.5,48.68,51436998
2024-11-06,48.71,49.68,48.25,48.75,53755839
2024-11-07,48.6,50,48.41,50,58406608
2024-11-08,50.1,50.5,49.15,49.5,65231445
2024-11-11,48.99,49.67,48.3,49.43,58679168
2024-11-12,49.43,50.78,49.05,49.29,76735680
2024-11-13,49.16,50.26,49.06,49.35,40914137
2024-11-14,49.27,49.7,48.43,48.45,38909169
2024-11-15,48.27,48.7,47.7,47.7,33086981
2024-11-18,47.71,48.06,47,47.2,30353555
2024-11-19,47.24,47.8,46.84,47.43,26030458
2024-11-20,47.44,50.79,47.44,50.46,109567359
2024-11-21,50.31,50.97,49.75,50.19,48847493
2024-11-22,50.19,50.63,48.2,48.27,50154761
2024-11-25,48.6,49.49,47.76,47.76,43612870
2024-11-26,47.86,49.56,47.8,48.68,39975602
2024-11-27,48.62,50.2,48.58,49.99,57454360
2024-11-28,49.95,50.75,49.32,49.7,36721023
2024-11-29,50.11,51.3,49.8,50.69,69304072
2024-12-02,50.6,50.79,50.02,50.45,41976462
2024-12-03,50.35,50.41,49.53,49.63,39619749
2024-12-04,49.65,49.98,49.25,49.4,25826013
2024-12-05,49.42,49.45,48.45,48.95,29810775
2024-12-06,48.95,49.8,48.84,49.53,34229110
2024-12-09,49.98,50.09,49.06,49.38,27661358
2024-12-10,50.25,50.25,47.61,48.13,102210021
2024-12-11,47.86,48.17,47.51,48.15,42944859
2024-12-12,48.15,48.15,47.6,48.04,36160892
2024-12-13,47.8,47.91,46.56,46.59,65077716
2024-12-16,46.58,46.58,45.8,46.07,35407912
2024-12-17,46.05,46.97,45.9,46.5,31587486
2024-12-18,46.7,47.05,46.53,46.59,24713965
2024-12-19,46.18,46.66,45.88,46.54,21746077
2024-12-20,46.54,46.88,46.22,46.25,26073276
2024-12-23,46.25,46.33,45.51,45.85,36192684
2024-12-24,45.85,46.66,45.78,46.33,29399109
2024-12-25,46.56,47,46.33,46.62,31525766
2024-12-26,46.5,46.54,45.76,46.11,25582787
2024-12-27,46.2,46.36,45.9,46.1,21250538
2024-12-30,46.29,46.76,46.05,46.14,25626685
2024-12-31,46.13,46.57,45.85,45.9,38816593
2025-01-02,45.88,46.1,44.7,44.95,34813241
2025-01-03,45,45.17,44.16,44.36,27387320
2025-01-06,44.75,45.11,44.38,45.01,30148116
2025-01-07,45.05,45.09,44.01,44.04,25742175
2025-01-08,44.05,44.18,42.95,43.55,35032742
2025-01-09,43.58,43.87,43.06,43.08,25776764
2025-01-10,43.06,43.41,42.53,42.67,26575159
2025-01-13,42.51,43.17,42.4,42.81,19112933
2025-01-14,42.81,44.41,42.81,44.29,33775503
2025-01-15,44.26,44.28,43.66,43.88,18496457
2025-01-16,44.08,44.15,42.86,42.9,31015771
2025-01-17,42.5,43.08,42.44,42.84,20061220
2025-01-20,43.29,45.36,43.28,44.52,55860298
2025-01-21,44.85,45.3,44.55,45.13,35398018
2025-01-22,45.03,45.24,44.24,44.43,21075095
2025-01-23,44.55,44.82,43.77,43.96,28608225
2025-01-24,43.87,45.15,43.82,44.64,35046072
2025-01-27,44.8,45.18,44.58,44.65,19306771
2025-02-05,44.67,44.8,43.87,44.01,27440678
2025-02-06,44.13,44.55,43.67,44.36,25217720
2025-02-07,44.36,46.33,44,45.29,50542235
2025-02-10,45.5,45.5,44.67,44.88,37889246
2025-02-11,45,45.1,44.05,44.19,31067830
2025-02-12,44.2,44.55,44.02,44.44,25175738
2025-02-13,44.3,45.06,44.06,44.64,37862524
2025-02-14,44.62,45.77,44.56,45.5,52217434
2025-02-17,45.8,46.31,44.95,45.26,55765326
2025-02-18,45.31,45.77,44.66,44.82,35021947
2025-02-19,44.74,45.18,44.2,44.71,36761103
2025-02-20,44.75,46.98,44.75,46.5,85405751
2025-02-21,46.7,48.48,46.53,48.28,97511816
2025-02-24,48.4,48.65,47.6,48.09,53308063
2025-02-25,47.64,48.25,47.17,47.37,35433199
2025-02-26,47.6,47.74,46.95,47.55,32811280
2025-02-27,47.4,48.36,47.19,47.91,36908148
2025-02-28,47.71,48.1,45.81,45.96,49161519
2025-03-03,45.95,46.81,45.77,45.92,31894554
2025-03-04,45.81,46.09,45.38,45.86,24333671
2025-03-05,45.86,46.12,45.46,45.98,25266965
2025-03-06,46.3,46.86,46.05,46.52,33138915
2025-03-07,46.4,46.4,45.52,45.68,33661440
2025-03-10,45.82,46.16,45,45.49,34360556
2025-03-11,45.05,45.49,44.95,45.34,29153512
2025-03-12,45.38,45.79,44.95,45,33955147
2025-03-13,45.05,45.28,44.77,45.03,24334895
2025-03-14,45.12,46.87,44.88,46.54,57320676
2025-03-17,47.32,47.35,46.38,46.48,27743095
2025-03-18,46.88,47.48,46.42,46.5,30830946
2025-03-19,46.52,48.12,46.3,47.29,48516179
2025-03-20,47.2,47.47,46.48,46.63,32518757
2025-03-21,46.4,46.63,44.83,44.85,54153818
2025-03-24,44.86,45.04,44.2,44.35,32707594
2025-03-25,44.47,45.02,44.23,44.87,22910500
2025-03-26,46.2,46.94,46.07,46.23,61103593
2025-03-27,46.08,48.42,45.6,48.39,86863207
2025-03-28,48.39,49.53,48.39,48.61,77299809
2025-03-31,48.98,50.08,48.85,49.2,78316591
2025-04-01,49.2,52.5,48.91,51.8,135906280
2025-04-02,51.32,51.76,50.66,50.85,63187882
2025-04-03,50.41,51.6,50.41,51.04,51785846
2025-04-07,48.8,49.85,46.76,48.7,115503305
2025-04-08,48.8,49.29,47.26,48.7,98764578
2025-04-09,47.73,48.22,45.86,48.22,97519951
2025-04-10,48.97,49.09,47.86,48.5,73171260
2025-04-11,48.16,48.68,47.8,48.38,42579799
2025-04-14,48.38,50,48.1,48.87,57183442
2025-04-15,48.6,48.93,47.92,48.27,32628885
2025-04-16,48.4,48.9,47.36,48.9,45534414
2025-04-17,48.54,48.87,48.32,48.78,30390040
2025-04-18,48.58,48.92,47.86,48,25330179
2025-04-21,47.7,49.4,47.63,49.17,37068001
2025-04-22,49.04,51.3,49.04,50.97,61789198
2025-04-23,50.96,51.45,50.62,51.09,38543044
2025-04-24,50.97,51.72,50.42,51.13,33607741
2025-04-25,51.68,52,49.97,50.27,52432914
2025-04-28,49.68,50.15,49,49.97,39621032
2025-04-29,49.71,49.73,48.88,49.6,34666988
2025-04-30,49.45,51.36,49.3,51.1,42933848
2025-05-06,52.1,52.18,50.73,51,38543945
2025-05-07,52.1,52.25,51.01,51.51,39728794
2025-05-08,51.22,51.73,51.03,51.56,29014812
2025-05-09,51.56,52.99,51.45,52.81,58603714
2025-05-12,52,52,50.2,50.69,84391222
2025-05-13,51.19,52.23,50.88,51.23,51913233
2025-05-14,51.02,53.25,51.01,52.9,62634690
2025-05-15,52.9,53.95,52.7,53.69,53361459
2025-05-16,53.49,54,52.9,53.85,38217660
2025-05-19,53.8,54.33,53.05,53.45,35019068
2025-05-20,54.29,55.15,53.79,54.45,59335691
2025-05-21,54.28,56.5,54.03,55.94,61240349
2025-05-22,56,56.36,55.16,55.6,41314629
2025-05-23,55.9,56,54.3,54.5,54184027
2025-05-26,54.2,54.63,53.06,53.35,53228437
2025-05-27,53.22,54.09,53.13,53.42,36032348
2025-05-28,53.59,54.93,53.33,54.25,35804983
2025-05-29,54.15,54.59,53.86,54.1,35485276
2025-05-30,54.29,55.66,54.25,54.74,47142160
2025-06-03,54.74,55.78,54.25,54.88,43445035
2025-06-04,54.84,55.84,54.61,55.29,36859302
2025-06-05,55.1,55.1,53.55,53.88,49527267
2025-06-06,53.9,54.18,53.38,53.8,34453388
2025-06-09,54,55.79,53.78,54.36,65690582
2025-06-10,54.38,55.8,54.38,55.13,48073517
2025-06-11,55,55.81,54.55,54.71,37773566
2025-06-12,54.4,56.2,54,55.82,49318822
2025-06-13,55.69,56.06,53.56,53.89,66023830
2025-06-16,53.41,54.08,53.1,53.76,39224137
2025-06-17,54,54.21,51.6,51.84,69518032
2025-06-18,51.7,52.23,51.32,51.81,33409543
2025-06-19,51.84,52.39,51.31,51.58,37316694
2025-06-20,51.75,52.33,51.63,51.76,24060775
2025-06-23,51.68,52.18,51.2,51.96,31328106
2025-06-24,52.09,52.5,51.73,52.15,45103539
2025-06-25,52.15,53.03,51.31,52.95,53648196
2025-06-26,52.6,52.95,51.9,52.08,39226868
2025-06-27,51.91,52.07,51.67,51.95,28776507
2025-06-30,51.91,52.19,50.99,51.9,44535488
2025-07-01,51.89,52.74,51.8,52.46,39772496
2025-07-02,52.4,53.44,52.1,52.25,32571223
2025-07-03,52.26,52.58,51.81,52.47,29367818
2025-07-04,52.61,53.79,52.6,53.26,47792312
2025-07-07,53.38,53.59,52.56,52.65,28638794
2025-07-08,52.69,53.69,52.5,53.4,35926315
2025-07-09,53.4,57.94,53.02,57.19,115821169
2025-07-10,57.13,58.28,56.61,57.6,90371570
2025-07-11,57.51,58.12,56.88,56.9,65863171
2025-07-14,56.75,58.05,56.56,57.21,47375836
2025-07-15,57.25,57.53,56.52,57.22,43692847
2025-07-16,57.65,58.9,57.04,57.22,39819120
2025-07-17,56.9,57.9,56.84,57.73,44414628
2025-07-18,58.21,59.86,57.9,58.76,66098565
2025-07-21,58.5,58.8,57.68,58,50944185
2025-07-22,58,58.85,57.2,57.41,47557025
2025-07-23,57.2,58.08,56.87,57.13,42529511
2025-07-24,57.44,57.98,56.95,57.5,46583415
2025-07-25,57.5,57.55,56.35,56.4,50539423
2025-07-28,60.1,62.04,59.66,62.04,163009595
2025-07-29,63,65.43,62.13,63.8,168276889
2025-07-30,63.81,64.73,62.65,63.59,98084933
2025-07-31,63.4,64.25,62.5,62.9,74203875
2025-08-01,62.83,63.58,60.76,61.31,73465464
2025-08-04,60.6,62.05,60,62,68961349
2025-08-05,62.11,62.46,61.56,62.3,54144318
2025-08-06,62.19,62.55,61.38,61.58,57247861
2025-08-07,61.25,62.1,60.7,60.81,50476397
2025-08-08,60.7,61.13,60,60.99,36297073
2025-08-11,60.99,61.42,60.68,61.07,42575238
2025-08-12,61.32,61.45,60.26,60.85,39183475
2025-08-13,60.85,63.51,60.85,62.61,81529632
2025-08-14,62.85,63.6,62.36,62.82,57126647
2025-08-15,62.64,64.27,62.46,63.4,61493254
2025-08-18,63.4,63.95,62.81,63.08,72885756
2025-08-19,63.4,65.4,61.63,61.69,99770049
2025-08-20,61.66,62.97,61.11,62.85,65042442
2025-08-21,63.98,65.33,62.95,63.99,85862923
2025-08-22,64.71,65.2,63.83,64.98,63771891
2025-08-25,64.98,66.4,64.37,66.26,84923381
2025-08-26,66.2,66.2,65,65.3,57512937
2025-08-27,65.01,65.71,63.04,63.05,83616934
2025-08-28,62.95,63.22,61.41,63.03,71590154
2025-08-29,63.03,66.87,63.03,66.23,102318607
2025-09-01,66.4,68.88,65.92,68.35,87218089
2025-09-02,69.8,70.77,67.8,68.87,108448969
2025-09-03,68.8,73.42,68.8,71.98,112936901
2025-09-04,71.27,71.58,67.5,68.65,110289406
2025-09-05,69,72.98,69,72.47,93647856
2025-09-08,73,73.87,71.64,72.31,74820928
2025-09-09,72.17,74.04,70.48,71.09,76767009
2025-09-10,70.84,71.77,70.08,70.32,46820413
2025-09-11,66.58,68.47,64,68.29,194235937
2025-09-12,68.28,69.51,67.86,69.01,83121521
2025-09-15,68.85,69.69,68.26,69.1,61188153
2025-09-16,69.1,69.34,68.34,69.15,43458205
2025-09-17,69.3,70.8,69.3,70.13,58603371
2025-09-18,70.56,73.12,69.9,71.09,86563888
2025-09-19,71.1,71.24,69.49,69.65,52439242
2025-09-22,70.49,72.7,70.4,71.05,57654243
2025-09-23,71,71.19,68.5,69.7,56132957
2025-09-24,69.7,70.38,69.3,70.11,39530211
2025-09-25,72.4,73.08,71.55,72.27,73903918
2025-09-26,70.8,71.37,69.23,70.08,69904485
2025-09-29,69.79,69.79,67.76,69.2,64799104
2025-09-30,69,71.58,68.8,71.55,57945078
2025-10-09,71.56,71.66,69.11,71.15,59279340
2025-10-10,70.38,70.88,67.85,68.2,70610070
2025-10-13,66,68.03,65.7,66.98,53228709
2025-10-14,67.61,67.66,63.7,64.27,70294663
2025-10-15,64.2,66.42,63.68,66.4,51123163
2025-10-16,66.43,68.5,65.72,66.84,46037757
2025-10-17,66.85,67.4,65,65.1,34950734
2025-10-20,65.99,66.51,64.83,65.13,32671694
2025-10-21,65.5,66.58,65.14,66,36956031
2025-10-22,66.25,66.79,65.01,65.26,39804808
2025-10-23,65.01,65.43,64.02,65.14,34278526
2025-10-24,65.26,66.36,65.01,65.5,37275277
2025-10-27,66.55,67.85,66.51,67.01,50892492
2025-10-28,65.22,65.46,63.5,63.62,108208999
2025-10-29,63.6,64.48,62.71,64.02,56217455
2025-10-30,64.02,64.02,62.87,62.88,60874000
2025-10-31,63.36,65.49,63.2,64.15,83706390
2025-11-03,64.96,64.99,62.82,63.4,46030561
2025-11-04,63.42,63.45,61.55,61.92,51560966
2025-11-05,61.3,62.49,61.22,61.96,33438078
2025-11-06,61.95,62.5,61.47,62.42,25252395
2025-11-07,62,62.49,61.5,61.58,27065428
2025-11-10,61.57,61.93,60.96,61.83,39624830
2025-11-11,61.95,62.2,61,61.06,27515998
2025-11-12,61.09,62.86,61.09,62.1,51426776
2025-11-13,62.69,63.79,62.23,63.56,50831837
2025-11-14,63.45,63.9,62.76,62.9,31950414
2025-11-17,62.89,63.05,61.41,61.8,31538452
2025-11-18,61.61,62.85,61.52,61.78,21910059
2025-11-19,61.5,61.78,61.02,61.11,21116242
2025-11-20,61.23,61.65,60.54,60.63,25348006
2025-11-21,60.33,61.1,59.31,59.5,44733534
2025-11-24,60.04,61.1,59.96,60.66,34397324
2025-11-25,61.1,61.61,60.53,60.88,26504513
2025-11-26,61.5,62.8,61.03,62.36,43986195
2025-11-27,62.6,62.96,61.94,62.09,25730763
2025-11-28,62.36,62.36,61.61,62.08,20277619
2025-12-01,62.08,62.09,61.06,61.94,25483095
2025-12-02,61.9,61.9,61,61.12,18230614
2025-12-03,61.1,61.55,60.7,60.97,19852976
2025-12-04,61.01,61.49,60.97,61.25,18040766
2025-12-05,61.19,61.79,60.7,61.62,23117615
2025-12-08,62.6,63.55,61.92,62.46,50861759
2025-12-09,62.32,64.15,62.3,63.08,49359339
2025-12-10,63.15,63.56,62.27,63.38,28895961
2025-12-11,63.56,63.94,63.11,63.4,24706127
2025-12-12,63.28,63.28,62.26,63.28,31562926
2025-12-15,62.68,62.68,61.38,61.38,29007220
2025-12-16,61.38,61.49,58.68,59.15,52378486
2025-12-17,59.35,60.8,59.01,60.3,33041782
2025-12-18,60.05,60.57,59.95,60,17930929
2025-12-19,60.07,61.38,59.91,60.85,28835842
2025-12-22,60.81,61.5,60.33,60.93,23670924
2025-12-23,60.85,62.56,60.84,61.8,32919095
2025-12-24,61.67,62,61.08,61.23,25050206
2025-12-25,61.22,61.66,61.03,61.4,15518175
2025-12-26,61.3,61.66,60.6,61.06,21430781
2025-12-29,61.06,61.27,60.41,60.51,28575162
2025-12-30,60.4,60.6,59.9,60.18,25330461
2025-12-31,60.16,60.36,59.5,59.57,26827896
2026-01-05,60.06,63.49,59.99,63.08,85117028
2026-01-06,63.36,63.48,62.4,63.06,46352457
2026-01-07,63.01,64.8,63,63.85,52465173
2026-01-08,65,65.05,63.03,63.6,44774854
2026-01-09,63.58,64.2,62.8,63.78,42635753
2026-01-12,64.1,64.3,63.21,63.85,42877019
2026-01-13,64.3,65.83,64.05,64.52,74034035
2026-01-14,64.55,65.6,63.2,63.61,62925534
2026-01-15,63.18,63.83,62.7,63.17,46761236
2026-01-16,63.35,63.52,61.66,61.94,52378628
2026-01-19,61.8,62.38,60.66,61.12,47389096
2026-01-20,61.13,61.65,60.4,60.5,42775492
2026-01-21,60.51,60.88,59.86,60.1,54603508
2026-01-22,60.36,60.36,59.3,59.44,53706813
2026-01-23,59.73,60.27,58.76,58.99,80804300
2026-01-26,58.99,59.16,58.05,58.16,72732888
2026-01-27,58.39,58.49,57.14,57.2,63725548
2026-01-28,57.44,57.8,56.3,56.55,87875043
2026-01-29,56.35,58.37,56.08,58.11,113782475
2026-01-30,58,59.79,57.76,58.16,85204489
2026-02-02,57.76,58.33,56.31,56.49,60957998
2026-02-03,57,57.69,56.5,57.47,49883453
2026-02-04,57.3,57.7,56.23,57.6,48924296
2026-02-05,57.5,58.47,57.3,58.16,51774555
2026-02-06,57.74,58.15,57.24,57.31,36090365
2026-02-09,57.75,57.89,57,57.45,36611688
2026-02-10,57.46,59.04,57.05,58.4,64886069
2026-02-11,58.4,59.95,58.35,58.9,57368008
2026-02-12,58.6,59.49,58.5,58.74,34868980
2026-02-13,58.76,59.05,58.13,58.23,34356810
2026-02-24,58.31,58.48,57.72,58.01,33898134
2026-02-25,57.98,58.2,57.58,57.86,42157937
2026-02-26,57.86,58.1,56.6,56.72,50898707
2026-02-27,56.62,57.27,56.3,56.56,36364110
2026-03-02,55.58,56.08,54.2,54.54,74206195
2026-03-03,54.7,55.33,53.45,53.61,60139910
2026-03-04,53.22,53.9,52.67,52.98,47151820
2026-03-05,53.41,54.84,53.1,53.72,48485984
2026-03-06,53.6,55.67,53.4,55.56,62911930
2026-03-09,54.78,55.18,54.05,54.94,42623328
2026-03-10,55.3,56.75,55.3,56.55,47360492
2026-03-11,56.45,56.55,55.6,55.83,32125928
2026-03-12,55.8,56.04,55.23,55.3,26669135
2026-03-13,55.3,55.63,54.95,55.11,24416444
2026-03-16,55.21,56.05,54.52,55.59,30775144
2026-03-17,55.69,57.44,55.38,56.3,50411099
2026-03-18,56.26,57.08,56.02,56.88,39379311
2026-03-19,56.17,57.03,55.91,56.02,34364651
2026-03-20,56.19,56.76,55.05,55.14,34739510
2026-03-23,54.18,54.35,52.41,52.78,48770157
2026-03-24,53.27,53.74,52.81,53.64,34835504
2026-03-25,54,54.86,53.84,54.1,41152562
2026-03-26,53.28,54.1,51.54,51.63,64941653
2026-03-27,51.3,55.48,51.11,55.18,99119628
2026-03-30,54.73,56.1,54.61,55.76,69727079
2026-03-31,55.86,57.38,55.2,55.22,69292392
2026-04-01,56.03,57.78,55.6,57.73,100551656
2026-04-02,57.74,58.35,57.01,57.37,76516985
2026-04-03,56.98,56.99,56.1,56.38,45491605
2026-04-07,56.51,56.85,55,56.12,40146688
2026-04-08,57.01,57.64,55.91,57.45,73446290
2026-04-09,56.92,57.97,56.71,56.96,48075474
2026-04-10,57.5,58.14,56.8,57.06,58779469
2026-04-13,56.6,56.64,55.01,55.2,79604438
2026-04-14,55.35,56.31,54.8,56.18,57445650
2026-04-15,57.94,58.45,57.04,57.73,102947951
2026-04-16,57.98,58,57.02,57.47,57671843
2026-04-17,57.2,57.2,56.01,56.33,63252368
2026-04-20,56.33,56.68,55.83,56.34,43304862
2026-04-21,56.35,56.76,55.55,55.75,43275130
2026-04-22,55.6,55.94,54.94,55.44,52356307
2026-04-23,56.03,57.96,56.03,56.4,96393800
2026-04-24,56.5,56.75,55.32,56.05,55779762
2026-04-27,56.06,56.07,55.2,55.38,45552955
2026-04-28,55.38,57.35,54.8,54.84,90311952
2026-04-29,54.83,55.08,54.2,54.99,59150922
2026-04-30,55.04,55.04,53.81,53.88,71248482
2026-05-06,53.98,54.11,53.4,53.63,66574753
2026-05-07,53.88,54.43,53.4,53.68,62345182
2026-05-08,53.88,53.92,52.68,52.8,80241465
2026-05-11,52.8,53.79,52.12,53.52,102306339
2026-05-12,53.53,58.87,52.75,56.11,246539965
2026-05-13,56.11,57.26,55.66,55.86,132779072
2026-05-14,55.8,56.74,54.28,54.32,91722681
2026-05-15,54.08,55.66,53.75,53.99,76598895
2026-05-18,53.78,53.8,52.19,52.43,78660889
2026-05-19,52.3,52.91,51.33,51.59,69909453
2026-05-20,51.51,51.96,50.38,50.95,82704641
2026-05-21,51.03,52.79,50.88,51.45,99402491
2026-05-22,51.55,51.58,50.4,50.47,67761985
2026-05-25,50.01,50.02,49.02,49.43,83835491
2026-05-26,49.08,50.17,48.8,49.2,71374551
2026-05-27,48.88,51.3,48.45,50.37,96115293
2026-05-28,50.06,50.58,47.85,48,97869676
2026-05-29,48.02,50.52,47.62,50.19,130040460
2026-06-01,50.32,51.2,49,49.17,94665292
2026-06-02,48.82,49.1,47.9,48.4,61144312
2026-06-03,48.1,48.18,47.2,47.2,81536421
2026-06-04,47,47.88,46.51,46.63,63924885
2026-06-05,47.48,48.72,47,47.08,93026396
2026-06-08,46.6,47.72,45.55,45.94,68421068
2026-06-09,46.34,46.6,45.26,46.38,62128609
2026-06-10,46.1,47.38,45.91,47.01,62157553
2026-06-11,46.7,47.2,46.22,46.98,47337364
2026-06-12,47.2,48.95,46.56,48.49,100299020
2026-06-15,48.44,48.8,47.62,47.88,66940790
2026-06-16,47.6,48.09,47.14,47.35,50293459
2026-06-17,47.37,47.66,46.78,46.99,51823862
2026-06-18,46.99,49.5,46.61,48.42,118592836
2026-06-22,48.2,49.41,47.3,49.36,94632110
2026-06-23,49.18,50.92,48.8,48.98,107582714
2026-06-24,48.98,51.36,48.93,50.25,135881224
2026-06-25,49.86,50.8,48.66,50.04,105138605
2026-06-26,50.46,50.73,48.62,48.67,74961679
2026-06-29,49.01,53.31,48.43,52.93,172756167
2026-06-30,52.97,53.45,51.7,52.04,114641266
2026-07-01,51.61,54.08,50.22,53.78,156930827
2026-07-02,53.8,55.45,53.09,53.49,132023817
2026-07-03,54.55,55.15,53.28,54.45,109867098
2026-07-06,54.4,57.77,53.77,56.77,179698209
2026-07-07,56.4,56.5,54.88,55.36,107722116
2026-07-08,55.57,56.76,53.99,54.01,95782739
2026-07-09,53.2,55.77,52.85,55.61,110832177
2026-07-10,54.6,57.48,54.55,55.75,133618942
2026-07-13,55.11,56.22,54.78,55.75,93029343
2026-07-14,55.75,55.98,54.27,54.82,96629185
2026-07-15,54.26,58,54.26,57.5,194169673
2026-07-16,56.81,57.4,55.51,55.99,122008374
2026-07-17,56,56.17,53.02,53.19,116181697
2026-07-20,52.97,55.78,52.9,55.57,113306851
2026-07-21,55.99,55.99,53.76,54.93,96439027
2026-07-22,54.35,56.49,54.27,55.39,85979835
2026-07-23,55.39,55.75,53.9,54.91,79998901
2026-07-24,55,55.08,53,53.45,70483651
2026-07-27,53.9,54.56,52.88,53.6,55245201
2026-07-28,53.45,53.88,52.53,53.29,47979539
2026-07-29,54,54.44,52.72,53.89,68465748
2026-07-30,54.05,54.69,53.3,54.65,73587887
2026-07-31,53.7,54.45,53.5,54.08,57808235
2026-08-03,53.87,54.32,52.86,53,61609889
2026-08-04,53.28,54.35,53.05,53.42,73006899
2026-08-05,53.43,53.79,52.88,53.54,67092456
2026-08-06,53.65,53.81,52,52.11,89863125
2026-08-07,52,54.62,51.82,54.62,141931526
2026-08-10,55,55.88,53.63,54.18,118365658
2026-08-11,53.79,55.8,53.76,54.97,120761741
2026-08-12,54.63,55.36,54.1,54.36,74881219
2026-08-13,54.05,55.28,53.67,53.76,97590004
2026-08-14,53.68,53.75,52.2,52.62,87325060
2026-08-17,52.49,53.63,51.85,52.87,66853034
2026-08-18,52.72,53.03,52.07,52.37,59840379
2026-08-19,52.67,52.68,52.02,52.66,63799164
2026-08-20,51,51.53,48.16,49.5,238741624
2026-08-21,48.51,48.8,47.55,47.74,127415292
2026-08-24,47.54,48.08,46.47,46.76,86002333
2026-08-25,46.53,46.88,46.22,46.49,77014310
2026-08-26,46.49,47.48,46.49,46.74,78295358
2026-08-27,46.78,47.62,46.5,47.61,77849527
2026-08-28,47.58,47.67,47.1,47.32,53239662